member_name,member_number
"&PARTNERS, LLC",25519
"A. W. JONES ADVISORS, LLC",18040
"ABACUS LIFE SERVICES, LLC",20397
ABBEY CAPITAL LIMITED,18512
ABN AMRO CLEARING USA LLC,11346
ABN AMRO SECURITIES (USA) LLC,14465
"ACCESS CAPITAL GROUP, LLC",26297
ACCORDANT INVESTMENTS LLC,27920
"ACCRUED EQUITIES, INC.",10017
ACP VENTURE CAPITAL MANAGEMENT FUND LLC,19397
ADELPHI STOCK BROKERS INC.,20957
ADIRONDACK FUNDS,10021
"ADP, INC.",10024
"ADVANCED ADVISOR GROUP, LLC",14537
"ADVISOR360, LLC",28907
"AEI FUND MANAGEMENT, INC.",18538
"AI INFRASTRUCTURE PARTNERS, LLC",26984
AIM MASTER I (BVI) LTD.,25621
"AIMCOR GROUP, LLC",18346
ALERA MANAGEMENT GROUP LLC,17559
"ALERION INVESTMENT MANAGERS II, LLC",23882
"ALERUS FINANCIAL, N.A.",16393
"ALEXANDER CAPITAL VENTURES, LLC",18793
ALIGHT SOLUTIONS LLC,11704
"ALLIANCEBERNSTEIN INV RES & MGT,INC SANFORD C BERN",10074
"ALLIANCEBERNSTEIN INV RESEARCH & MGT,INC INTL DIV",10076
"ALLIANCEBERNSTEIN INVESTMENT RESEARCH AND MANAGEMENT, INC.",10072
"ALLIANCEBERNSTEIN INVESTMENTS, INC.",16506
ALLIANZ GLOBAL INVESTORS GMBH,14562
ALLIANZ LIFE INSURANCE CO. OF NEW  YORK - FIXED BUSINESS,10086
ALLIANZ LIFE INSURANCE CO. OF NORTH AMERICA - FIXED BUSINESS,10087
ALLIANZ LIFE INSURANCE COMPANY OF NEW YORK,10088
ALLIANZ LIFE INSURANCE COMPANY OF NORTH AMERICA,10089
"ALLOCATE MANAGEMENT COMPANY, LLC",22159
"ALLSPRING FUNDS DISTRIBUTOR, LLC",14333
"ALLSTATE FINANCIAL SERVICES, LLC",10093
ALPACA SECURITIES LLC,25220
"ALPINE QUANTITATIVE INVESTMENT FUND, LP",18556
ALPINE SECURITIES CORPORATION,10105
"ALPS DISTRIBUTORS, INC.",10106
ALTA FUNDAMENTAL ADVISERS LLC,26360
"ALTEGRIS PORTFOLIO MANAGEMENT, INC. DBA ALTEGRIS FUNDS",15314
ALTER DOMUS (US) LLC,15841
ALTERA INVESTMENTS LLC,22540
ALTRUIST FINANCIAL LLC,27878
ALTURAS REAL ESTATE FUND LLC,23858
ALTUS EQUITY GROUP INC.,26098
AMALGAMATED BANK,17849
AMCAP MANAGEMENT LLC,18533
"AMERICAN CENTURY INVESTMENT SERVICES, INC.",10146
AMERICAN ENTERPRISE INVESTMENT SERVICES INC.,10150
AMERICAN GENERAL LIFE INSURANCE COMPANY,10155
AMERICAN LIFE & SECURITY CORP.,20818
AMERICAN NATIONAL INSURANCE COMPANY,10164
AMERICAN NATIONAL LIFE INSURANCE COMPANY OF NEW YORK,17686
AMERICAN UNITED LIFE INSURANCE COMPANY,10171
"AMERIFUNDS DIVERSIFIED FUNDING, LLC",16064
"AMERITAS INVESTMENT COMPANY, LLC",10176
AMERITAS LIFE INSURANCE CORP.,10177
AMFIRST INSURANCE COMPANY,27502
AMFIRST LIFE INSURANCE COMPANY I.I.,25538
AMG FUNDS LLC,12249
AMUNDI LUXEMBOURG S.A.,15696
"ANDALUSIAN CREDIT COMPANY, LLC",26119
"ANGELO, GORDON & CO., L.P.",17910
"ANNUITY MARKETING SERVICES, INC.",19277
"ANSONIA MULTIFAMILY VALUE FUND II, LP",25797
APEX CLEARING CORPORATION,27557
APEX FUND SERVICES (CANADA) LTD.,20428
"APLIFI, INC.",10443
"APOLLO CAPITAL MANAGEMENT, L.P.",20980
"APOLLO GLOBAL REAL ESTATE MANAGEMENT, L.P.",21437
"APOLLO MANAGER, LLC",23941
"APOLLO S3 RIC MANAGEMENT, L.P.",25637
APPLIED FUNDAMENTAL RESEARCH LLC,22957
"APW CAPITAL, INC.",18216
"AR ASSET MANAGEMENT, INC.",23167
"AR GLOBAL INVESTMENTS, LLC",17401
ARBOR COURT CAPITAL LLC,15828
"ARBOR RESEARCH & TRADING, LLC",16382
"ARBORETUM INVESTMENT ADVISORS, LLC",17659
"ARCHER DISTRIBUTORS, LLC",16402
"ARCHIPELAGO SECURITIES, L.L.C.",10207
ARES CORE INFRASTRUCTURE FUND,26042
ARES DIVERSIFIED REAL ESTATE EXCHANGE LLC,19538
ARES INDUSTRIAL REAL ESTATE EXCHANGE LLC,20219
ARES INDUSTRIAL REAL ESTATE INCOME TRUST INC.,17706
ARES PRIVATE MARKETS FUND,21180
ARES REAL ESTATE INCOME TRUST INC.,16181
ARES STRATEGIC INCOME FUND,23217
"ARES WEALTH MANAGEMENT SOLUTIONS, LLC",27003
"ARETE WEALTH MANAGEMENT, LLC",22542
"ARGOS ALTERNATIVE FUNDS, LLC - LEONIDAS CRYPTOCURRENCY FUND",20122
"ARGOS ALTERNATIVE FUNDS, LLC - LEONIDAS MACRO FUND",20121
"ARGOS ALTERNATIVE FUNDS, LLC - VULCAN METALS FUND",20120
"ARIA RETIREMENT SOLUTIONS, INC.",18053
"ARIEL DISTRIBUTORS, LLC",10211
ARQ ADVISORS LLC,27378
ARTEX FUND SERVICES LTD.,18789
ARTISAN PARTNERS DISTRIBUTORS LLC,10217
"ARVEST INVESTMENTS, INC.",10219
"ASCENDANT DEVELOPMENT, LLC",25897
"ASCENSUS BROKER DEALER SERVICES, LLC",14153
ASCENSUS TRUST COMPANY,11412
"ASCENTIA REAL ESTATE HOLDING COMPANY, LLC",16621
"ASHFORD HOSPITALITY TRUST, INC.",24061
ASHMORE INVESTMENT MANAGEMENT (US) CORPORATION,15515
"ASHTON GRAY CAPITAL, LLC",26361
ASPIDA LIFE INSURANCE COMPANY,21438
"ASSET MARKETING SYSTEMS INSURANCE SERVICES, LLC",27543
ASSETMARK TRUST COMPANY,11450
"ASSOCIATED INVESTMENT SERVICES, INC.",10240
"ATEGRA CAPITAL MANAGEMENT, LLC",18317
"ATEL FINANCIAL SERVICES, LLC",15738
ATHENE ANNUITY & LIFE ASSURANCE COMPANY OF NEW YORK,17773
ATHENE ANNUITY AND LIFE COMPANY,16755
"ATTAIN PORTFOLIO ADVISORS, LLC",16027
"AUDAX MANAGEMENT COMPANY (NY), LLC",28081
"AUERBACH FUNDS, LLC",26205
"AUGMENT MARKETS, INC.",28762
AUGUSTAR LIFE INSURANCE COMPANY,12801
"AUGUSTAR VARIABLE INSURANCE PRODUCTS FUND, INC.",16906
"AUSDAL FINANCIAL PARTNERS, INC.",15427
"AVANTAX INVESTMENT SERVICES, INC.",18307
"AVENUE CAPITAL MANAGEMENT II, L.P.",18733
AXCELUS FINANCIAL LIFE INSURANCE COMPANY,17857
AXONIC CAPITAL LLC,19498
AXOS CLEARING LLC,12122
"B. RILEY WEALTH MANAGEMENT, INC.",14442
B.C. ZIEGLER AND COMPANY,14457
"BACELINE INVESTMENTS, LLC",16520
BAILLIE GIFFORD FUNDS SERVICES LLC,18039
BANK OF AMERICA N.A.,10305
"BANK OF AMERICA, NATIONAL ASSOCIATION",10304
BANKERS LIFE AND CASUALTY COMPANY,19685
"BANKERS LIFE SECURITIES, INC.",19684
BANKERS' BANK,18482
"BANKOH INVESTMENT SERVICES, INC.",19618
BANNER LIFE INSURANCE COMPANY,16395
"BARCLAYS BANK PLC, NEW YORK BRANCH",18372
BARCLAYS CAPITAL INC.,10334
BARINGS LLC,19617
BARNUM INFORCE INSIGHTS LLC,23579
"BARON CAPITAL, INC.",10339
BAYARD ASSET MANAGEMENT LLC,27999
BBVA SECURITIES INC.,15959
BCM CAPITAL MANAGEMENT LLC,18420
BEACON COMMUNITY BANK,20777
"BENEFIT STREET PARTNERS, LLC",17788
BENEFIT TRUST COMPANY,10379
BENTALLGREENOAK (U.S.) LIMITED PARTNERSHIP,23338
"BERKSHIRE GROUP, L.L.C.",27537
BERTOLET CAPITAL TRUST,10393
BETA CAPITAL SECURITIES LLC,18641
"BETA WEALTH GROUP, INC.",27188
"BGC FINANCIAL, L.P.",10402
BGV VC MANAGEMENT LLC,18422
"BITWISE ASSET MANAGEMENT, INC.",18308
"BLACKROCK INSTITUTIONAL TRUST COMPANY, N.A.",10423
"BLACKROCK INVESTMENTS, LLC",10424
BLACKSTONE SECURITIES PARTNERS L.P.,17738
BLUE OWL CAPITAL CORPORATION II,17848
BLUE OWL CREDIT INCOME CORP.,19519
BLUE OWL DIGITAL INFRASTRUCTURE TRUST,28197
BLUE OWL NLT OPERATING PARTNERSHIP LP,26081
BLUE OWL REAL ESTATE EXCHANGE LLC,24658
BLUE OWL REAL ESTATE NET LEASE TRUST,21559
BLUE OWL SECURITIES LLC,27437
BLUE OWL TECHNOLOGY FINANCE CORP.,18396
BLUE OWL TECHNOLOGY INCOME CORP.,20617
BLUEPRINT INSURANCE SERVICES LLC,28219
"BLUEROCK FUND ADVISOR, LLC",18161
BMG VALUE FUND LLC,28103
BMO ASSET MANAGEMENT CORP,18244
BMO BANK NATIONAL ASSOCIATION,11659
BMO CAPITAL MARKETS CORP.,10454
BNP PARIBAS SECURITIES CORP.,10465
"BNP PARIBAS, NEW YORK BRANCH",16405
"BNY MELLON INSURANCE AGENCY, INC.",14570
BNY MELLON SECURITIES CORPORATION,12291
"BOFA SECURITIES, INC.",12342
"BOKF, N.A.",10315
BOLTON GLOBAL CAPITAL INC.,17858
BOSTON PARTNERS TRUST COMPANY,13443
BREAKWATER GROUP DISTRIBUTION SERVICES LLC,12245
BREVAN HOWARD CAPITAL MANAGEMENT LP,20380
BRIARWOOD CAPITAL PARTNERS LP,26841
BRIDGE FUND FINANCIAL SERVICES LLC,20541
"BRIDGEPORT FINANCIAL TECHNOLOGY, INC.",19325
BRIGHTHOUSE LIFE  INSURANCE COMPANY OF NY,11231
BRIGHTHOUSE LIFE INSURANCE  COMPANY,12398
"BROKERS INTERNATIONAL, LTD.",18456
"BROOKFIELD INFRASTRUCTURE INCOME FUND, INC",24398
BROOKFIELD PRIVATE WEALTH LLC,28199
BROOKFIELD REAL ESTATE INCOME TRUST INC.,18882
BROOKSTONE CAPITAL MANAGEMENT LLC,18305
BROWN BROTHERS HARRIMAN & CO.,14494
BRYANT BANK,17736
"BT REI MANAGER, LLC",24499
"BTG PACTUAL ASSET MANAGEMENT US, LLC",20098
BUCKLER SECURITIES LLC,26717
BULLDOG MANAGEMENT LLC,17810
"BURLINGTON CAPITAL MULTIFAMILY EQUITY FUND VI, LLC",18157
BUTTONWOOD GROUP ADVISORS LLC,16998
C.M. LIFE INSURANCE COMPANY,10746
CABOT LODGE SECURITIES LLC,28097
"CACHE PRIVATE CAPITAL MANAGEMENT, LLC",18357
CALAMOS FINANCIAL SERVICES LLC,10558
CALCAP INCOME FUND I LLC,17790
CALDWELL TRUST COMPANY,10563
"CALIBOGUE CAPITAL, LLC",18303
"CALTON & ASSOCIATES, INC.",16080
"CAMBRIDGE INVESTMENT RESEARCH, INC.",16502
"CAMPBELL & COMPANY, INC.",15664
"CANARAS CAPITAL MANAGEMENT, LLC",18352
CANTOR FITZGERALD & CO.,10583
CANTOR FITZGERALD & CO. - CANTOR CLEARING SERVICES,10585
"CANTOR FITZGERALD INVESTORS, LLC",17889
CANYON CAPITAL ADVISORS LLC,17944
"CAPITAL CLIENT GROUP, INC.",10595
CAPITAL GROUP COMPANIES GLOBAL,16791
CAPITAL INTEGRATION SYSTEMS LLC,15692
"CAPITAL INVESTMENT BROKERAGE, INC.",18929
"CAPITAL INVESTMENT GROUP, INC.",10601
"CAPITAL MARKET SECURITIES, INC.",23337
"CAPITAL Q MANAGEMENT, LLC",19798
"CAPITOL SECURITIES MANAGEMENT, INC.",22768
CAPSTACK PARTNERS LLC,17891
"CARILLON FUND DISTRIBUTORS, INC.",10993
"CARLSON CAPITAL, L.P.",18160
CARLYLE ALPINVEST PRIVATE MARKETS FUND,22257
CARLYLE ALPINVEST PRIVATE MARKETS SECONDARIES FUND,28437
"CARLYLE PRIVATE EQUITY PARTNERS FUND, L.P.",28200
CARMIGNAC GESTION SA,16788
CATALYST FUND ADMINISTRATION LLC,21140
CATALYST MGMT LLC,24838
"CATENARY ALTERNATIVES ASSET MANAGEMENT, LLC",16830
"CBIZ FINANCIAL SOLUTIONS, INC.",10649
"CCO CAPITAL, LLC",15221
CCV LLC,18757
CDS CLEARING AND DEPOSITORY SERVICES INC.,10653
CDS-SETTLEMENT,18930
"CENTAURUS FINANCIAL, INC.",16079
"CENTRAL PARK GROUP, LLC",18610
"CEROS FINANCIAL SERVICES, INC.",14780
CETAN MANAGEMENT LLC,23939
CETERA ADVISORS LLC,12514
CETERA FINANCIAL SPECIALISTS LLC,16562
CETERA INVESTMENT SERVICES LLC,13132
"CETERA WEALTH SERVICES, LLC",16054
"CF SECURED, LLC",18103
"CFD INVESTMENTS, INC.",18030
"CHARLES SCHWAB & CO., INC.",13543
CHARLES SCHWAB BANK,10681
"CHATHAM CAPITAL HOLDINGS, INC.",19192
CHEVY CHASE TRUST COMPANY,10692
"CHRISTINA REAL ESTATE INVESTORS 2, LLC",18334
CIBC WORLD MARKETS CORP.,10704
"CIG ASSET MANAGEMENT, INC.",18054
"CION INVESTMENT GROUP, LLC",17830
"CIR FEEDER FUND MANAGEMENT, LLC",17730
CITADEL CLEARING LLC,10715
CITADEL SECURITIES LLC,16734
"CITIBANK, N.A.",10720
CITIGROUP GLOBAL MARKETS INC.,15528
CITIZEN MINT INC.,27802
"CITIZENS SECURITIES, INC.",10651
"CLARION PARTNERS, LLC",18629
CLEAR STREET LLC,18500
"CLEARTRUST, LLC",27699
"CLIENT ONE SECURITIES, LLC",18595
CLIFTONLARSONALLEN LLP,28540
"CLS INVESTMENT FIRM, LLC",14565
CMFG LIFE INSURANCE COMPANY,10857
"CNL CAPITAL MARKETS, LLC",15419
"COBALT CAPITAL, INC.",15513
"COHEN & STEERS SECURITIES, LLC",23577
"COHEN REAL ESTATE ADVISORS, LLC",18316
"COLLER PRIVATE MARKET SECONDARIES ADVISORS, LLC",25122
"COLUMBIA MANAGEMENT INVESTMENT DISTRIBUTORS, INC.",10768
COMERICA BANK,10774
COMMERCE BANK,10778
COMMONWEALTH ANNUITY AND LIFE INSURANCE COMPANY,10783
COMMONWEALTH EQUITY SERVICES LLC,10784
"COMMUNITY BANK, NATIONAL ASSOCIATION",10788
"COMPREHENSIVE BROKERAGE SERVICES, LLC",18876
COMPREHENSIVE FINANCIAL PLANNING CORP.,18257
COMPUTERSHARE INC.,26177
CONCISE CAPITAL MANAGEMENT LP,15923
"CONCORDE FUNDS, INC.",10798
"CONCORDE INVESTMENT SERVICES, LLC",15562
"CONDUENT HR SERVICES, LLC",10019
CONESTOGA FUNDS,10801
CONTINENTAL STOCK TRANSFER AND TRUST COMPANY,27439
"COPPER FINANCIAL NETWORK, LLC",18171
"CORE CAPITAL MANAGEMENT, LLC",16067
"COREBRIDGE CAPITAL SERVICES, INC.",16281
"COTTONWOOD COMMUNITIES, INC.",17515
COUNTRY CAPITAL MANAGEMENT COMPANY,16227
"COUNTRY CLUB BANK, KANSAS, KANSAS CITY, MO.",10823
COVERCY INC.,28258
CREDIT AGRICOLE SECURITIES (USA) INC.,10834
CRESCENT CAPITAL GROUP LP,18349
"CRESCENT SECURITIES GROUP, INC",17575
"CRESTLINE LENDING SOLUTIONS, LLC",28581
"CROSS CREEK ADVISORS, LLC",19579
"CROSSMARK DISTRIBUTORS, INC.",10620
"CRYSTAL CAPITAL PARTNERS, LLC",15129
"CUREX CAPITAL ADVISORS, LLC",19620
"CURI RMB CAPITAL, LLC",18108
"CURVATURE SECURITIES, LLC",20814
"CWM, LLC",21310
D. A. DAVIDSON & CO.,10889
"DAI SECURITIES, LLC",18692
DAIWA CAPITAL MARKETS AMERICA INC.,10872
DASH FINANCIAL TECHNOLOGIES LLC,11019
DAVENPORT & COMPANY LLC,10887
"DAVID LERNER ASSOCIATES, INC.",12134
"DAVIS DISTRIBUTORS, LLC",10890
DAWSON PARTNERS INC.,25580
DEALERWEB INC.,18195
"DELAWARE DISTRIBUTORS, L.P.",10907
DELAWARE LIFE INSURANCE COMPANY,14574
"DELTA DATA SOFTWARE, INC.",16361
DESTRA CAPITAL INVESTMENTS LLC,15062
DEUTSCHE BANK SECURITIES INC.,10922
DFA SECURITIES LLC,10936
DIAMOND STANDARD FUND LLC,21938
DIRECTED TRUST COMPANY,27542
"DISTRIBUTION SERVICES, LLC",14100
"DLP CAPITAL ADVISORS, LLC",17597
DODGE & COX FUNDS,10957
DODGE & COX WORLDWIDE INVESTMENTS LTD.,15433
"DPL FINANCIAL PARTNERS, LLC",21237
"DRIVEWEALTH, LLC",19999
DSIL INVESTMENT SERVICES LLC,10979
"DUNHAM & ASSOCIATES INVESTMENT COUNSEL, INC.",10986
"DUPREE & COMPANY, INC.",10987
"DWS DISTRIBUTORS, INC.",10988
EAGLE CAPITAL INTERNATIONAL LLC,24778
EAGLE LIFE INSURANCE COMPANY,10994
EAGLE POINT CREDIT MANAGEMENT LLC,20551
"EAS ACCOUNTING SERVICES, CPA LLC",19195
EASTERLY SECURITIES LLC,19777
EASTERN BANK CAPITAL MARKETS,11000
"EATON VANCE DISTRIBUTORS, INC.",11001
"ECA MARKETING, INC.",23778
"ECC FUND MANAGER II, LLC",22397
EDMOND DE ROTHSCHILD ASSET MANAGEMENT,15276
EDWARD D. JONES & CO.,11939
"EDWARD D. JONES & CO., L.P.",15884
EDWARD JONES TRUST COMPANY,29157
"EF LEGACY SECURITIES, LLC",18827
"ELDRIDGE CAPITAL MANAGEMENT, LLC",28146
EMERSON EQUITY LLC,17495
EMPOWER ANNUITY INSURANCE COMPANY OF AMERICA,16819
"EMPOWER FINANCIAL SERVICES, INC.",14828
EMPOWER LIFE & ANNUITY INSURANCE COMPANY OF NEW YORK,11215
EQUINOXE ALTERNATIVE INVESTMENT SERVICES HOLDINGS LIMITED,16884
"EQUITABLE DISTRIBUTORS, LLC",18083
EQUITABLE FINANCIAL LIFE AND ANNUITY COMPANY,25997
EQUITABLE FINANCIAL LIFE INSURANCE COMPANY,10266
EQUITABLE FINANCIAL LIFE INSURANCE COMPANY OF AMERICA,18964
"EQUITABLE NETWORK, LLC",10268
EQUITRUST LIFE INSURANCE COMPANY,17962
"EQUITY SERVICES, INC.",11075
ESSENTIAL FUND SERVICES LLC,17884
"ETC BROKERAGE SERVICES, LLC",21503
EULAV SECURITIES LLC,15026
EVERLAKE LIFE INSURANCE COMPANY,10094
"EXCHANGERIGHT REAL ESTATE, LLC",18640
"EXETER PROPERTY GROUP, LLC",23901
"FAIRWAY AMERICA, LLC",17088
FARM BUREAU LIFE INSURANCE COMPANY,18486
"FARMERS FINANCIAL SOLUTIONS, LLC",18038
"FBL MARKETING SERVICES, LLC",18680
FEDERATED ADMINISTRATIVE SERVICES,18006
FEDERATED SECURITIES CORP.,11136
"FEF DISTRIBUTORS, LLC",10220
FENIMORE ASSET MANAGEMENT TRUST,11141
"FENIX SECURITIES, LLC",18321
FHN FINANCIAL CAPITAL MARKETS A DIVISION OF FIRST HORIZON BANK-DTC 2445,11259
FHN FINANCIAL SECURITIES CORP.,11420
FIDELITY & GUARANTY LIFE INSURANCE COMPANY,18598
FIDELITY & GUARANTY LIFE INSURANCE COMPANY OF NEW YORK,21958
FIDELITY DISTRIBUTORS COMPANY LLC,11147
FIDELITY INVESTMENTS LIFE INSURANCE COMPANY,15531
FIDELITY SECURITY LIFE INSURANCE COMPANY,14579
"FIDUCIARY EXCHANGE, LLC",18368
"FIDUCIARY MANAGEMENT, INC.",11151
FIDUCIARY TRUST COMPANY INTERNATIONAL,11152
FIDUCIARY--SSB--DTC 0987,11149
FIDX MARKETS LLC,24881
"FIFTH THIRD BANK, NATIONAL ASSOCIATION",11155
"FIFTH THIRD SECURITIES, INC.",11157
FIG LLC,22577
"FILIPPINI WEALTH MANAGEMENT, INC.",19937
"FIRST CITIZENS INVESTOR SERVICES, INC.",11200
"FIRST COMMAND BROKERAGE SERVICES, INC.",18941
"FIRST HEARTLAND CAPITAL, INC.",11218
"FIRST HORIZON ADVISORS, INC.",11258
FIRST MANHATTAN CO.,16300
FIRST NATIONAL BANKERS BANK,11238
FIRST PEOPLES BANK,28201
FIRST SYMETRA NATIONAL LIFE INSURANCE COMPANY OF NEW YORK,11256
FIRST TRUST CAPITAL MANAGEMENT L.P.,26487
"FIRST TRUST PORTFOLIOS, L.P.",14759
FIS BROKERAGE & SECURITIES SERVICES LLC,16597
FLEXIBLE ARCHITECTURE AND SIMPLIFIED TECHNOLOGY INC.,25240
"FLEXIBLE PLAN INVESTMENTS, LTD.",22885
FLOURISH INSURANCE AGENCY LLC,21957
"FMSBONDS, INC.",11284
"FOLIO INVESTMENTS, INC.",11288
"FORESIDE DISTRIBUTION SERVICES, L.P.",14557
"FORESIDE FINANCIAL SERVICES, LLC",10404
"FORESIDE FUND SERVICES, LLC",11323
FORESIDE FUNDS DISTRIBUTORS LLC,14484
"FORESTER FUNDS, INC.",11338
FORETHOUGHT LIFE INSURANCE COMPANY,14798
FORMIDIUM CORP.,18799
FORT POINT CAPITAL PARTNERS LLC,19137
FORTITUDE LIFE INSURANCE & ANNUITY COMPANY,13166
"FOUNDERS FINANCIAL SECURITIES, LLC",16294
"FOUNDERS PROPERTIES, L.L.C.",18042
FOUR SPRINGS CAPITAL TRUST,17218
FOXFIELD LLC,23557
FRANK FUNDS,11395
"FRANKLIN DISTRIBUTORS, LLC",12123
"FRED ALGER & COMPANY, INCORPORATED",11401
FREEDOM 3 CAPITAL LLC,23277
"FRIST CRESSEY VENTURES MANAGEMENT, LLC",23920
FROST BANK,11414
"FS INVESTMENT SOLUTIONS, LLC",17617
FS MVP PRIVATE MARKETS FUND,20757
FSG OPERATING LLC,29237
FUNDAMENTAL ADVISORS LP,27899
FUNDRISE ADVISORS LLC,23637
"FUNDS DISTRIBUTOR, LLC",14543
FUNDVIEWS CAPITAL LLC,23580
FUTU CLEARING INC.,18790
"G. RESEARCH, LLC",11429
G.A. REPPLE & COMPANY,14563
"GABELLI & COMPANY INVESTMENT ADVISERS, INC.",16157
GAINBRIDGE LIFE INSURANCE COMPANY,26740
GALAPAGOS GLOBAL CAPITAL MANAGEMENT LLC,24860
"GALAXY DIGITAL CAPITAL MANAGEMENT, LP",20704
GALILEO INVESTMENT MANAGEMENT LLC,18194
GAM (LUXEMBOURG) S.A.,16110
GAM FUND MANAGEMENT LTD,15391
"GARDEN STATE SECURITIES, INC.",17949
"GCG FINANCIAL, LLC",18127
"GEMINI FUND SERVICES, LLC",14988
"GEN II FUND SERVICES, LLC",17482
"GENEOS WEALTH MANAGEMENT, INC.",11454
GENTRY MILLS CAPITAL LLC,18573
GENWORTH LIFE AND ANNUITY INSURANCE COMPANY,11467
GENWORTH LIFE INSURANCE COMPANY,11469
GENWORTH LIFE INSURANCE COMPANY OF NEW YORK,11470
GLADSTONE SECURITIES LLC,18250
"GLEN EAGLE WEALTH, LLC",16882
"GLENMEDE TRUST COMPANY, N.A. (THE)",11494
GLIDE CAPITAL LLC,17168
"GLOBAL ATLANTIC DISTRIBUTORS, LLC",16264
"GLOBAL ENDOWMENT MANAGEMENT, LP",24898
"GLOBAL FINANCIAL & LEASING SERVICES, LLC",15411
GLOBAL SME GROWTH FUND LP,18454
GLOBAL TRUST COMPANY,11514
"GOLDMAN SACHS WEALTH SERVICES, L.P.",18768
"GOLDMAN, SACHS & CO. LLC",11525
GOLUB CAPITAL LLC,21332
"GRADIENT INSURANCE BROKERAGE, LLC",25257
"GRADIENT SECURITIES, LLC",16803
GRAYS CREEK CAPITAL ADVISORS LLC,24204
"GRAYSTREET CAPITAL MANAGEMENT, LLC",27399
"GREAT GABLE PARTNERS, LP",18347
"GREAT GRAY TRUST COMPANY, LLC",14396
"GREAT LAKES FUND SOLUTIONS, INC.",15701
GREEN PIER FINTECH LLC,22765
GREENBACKER GROUP LLC,16727
GREENBACKER RENEWABLE ENERGY COMPANY II LLC,21280
GREENLAKE REAL ESTATE FUND LLC,17099
"GRIDLINE ADVISORS, LLC",23957
GRIFFIN CAPITAL MGT. LLC,18268
"GRIFFIN REALTY TRUST, INC.",20857
GTIS OZ LLC,18566
GUARANTY INCOME LIFE INSURANCE COMPANY,18055
"GUARDIAN INSURANCE & ANNUITY COMPANY, INC. (THE)",11618
GUGGENHEIM CREDIT INCOME FUND,18094
"GUGGENHEIM FUNDS DISTRIBUTORS, LLC",10739
GUGGENHEIM SECURITIES LLC,11621
"GWN SECURITIES, INC.",18037
HALO SECURITIES LLC,19837
HAMILTON POINT INVESTMENTS LLC,17839
"HAMLIN CAPITAL MANAGEMENT, LLC",18412
HAND BENEFITS & TRUST COMPANY,11642
"HANSON MCCLAIN RETIREMENT NETWORK, LLC",20958
"HANTZ FINANCIAL SERVICES, INC.",27001
"HARBOR FUNDS DISTRIBUTORS, INC.",11652
"HARBOR GROUP INTERNATIONAL, LLC",28763
HARMONIC FUND SERVICES CANADA INC,17607
"HARTFORD FUNDS DISTRIBUTORS, LLC",11662
"HAZLETT, BURT & WATSON, INC.",11684
"HC GLOBAL FUND SERVICES, LLC",16766
HEDGESERV (CAYMAN) LTD.,28877
"HEIM, YOUNG & ASSOCIATES, INC.",16565
HEPTAGON FUND PLC,16070
"HIGHLANDS REIT, INC.",17397
"HIGHTOWER ADVISORS, LLC",18945
"HIGHTOWER SECURITIES, LLC",15081
"HILL STREET REALTY, LLC",17642
"HILLSTREET CAPITAL III, INC.",23077
HILLTOP SECURITIES INC.,15997
HINES PRIVATE WEALTH SOLUTIONS LLC,15426
HIP INVESTMENTS IM LP,22718
HIS KINGDOM RESOURCES FUND,20278
HOLD BROTHERS CAPITAL LLC,14976
HOME FINANCIAL SERVICES INC,11724
"HOMESTEAD FUNDS, INC.",11725
HORACE MANN LIFE INSURANCE COMPANY,15971
"HORAN SECURITIES, INC.",19193
"HORNET MANAGEMENT, LLC",24100
"HORNOR, TOWNSEND & KENT, LLC",11727
"HPS SECURITIES, LLC",25160
HRT FINANCIAL LP,18947
"HSBC BANK USA, NATIONAL ASSOCIATION",11737
HSBC SECURITIES (USA) INC.,11739
"HUMPHREYS CAPITAL, LLC",23921
HUNTLEIGH SECURITIES CORPORATION,18019
IBEXIS LIFE & ANNUITY INSURANCE COMPANY,24338
"ICAPITAL ADVISORS, LLC",16889
"ICAPITAL SECURITIES, LLC",18245
"ICE SECURITIES EXECUTION & CLEARING, LLC",18701
"ICG ADVISORS, LLC",18865
"ICMA-RC SERVICES, LLC",11767
"ICON CAPITAL, LLC",15381
IFAST SECURITIES US CORPORATION,29141
"IFP SECURITIES, LLC",18814
"IGRE CAPITAL HOLDINGS, LLC",24440
"INCLINE INVESTMENT MANAGEMENT, LLC",16521
INCOMMERCIAL CAPITAL CORPORATION,27803
"INDEPENDENT FINANCIAL GROUP, LLC",17875
"INFOSYS MCCAMISH SYSTEMS, LLC",14573
ING FINANCIAL MARKETS LLC,11792
"INGALLS & SNYDER, LLC",11809
INLAND REAL ESTATE INVESTMENT CORPORATION,15412
INNOVATION PARTNERS LLC,27957
"INSPIRA FINANCIAL TRUST, LLC",29082
"INSTINET, LLC",11816
"INSURANCE TECHNOLOGIES, LLC",15231
INSURED CONNECT LLC,18212
"INSURMARK, INC.",21017
INTEGRATED INVESTMENT SOLUTIONS LLC,23759
"INTEGRITY FUNDS DISTRIBUTOR, LLC",11821
INTEGRITY LIFE INSURANCE COMPANY,11822
INTERACTIVE BROKERS LLC,11824
INTERCHANGE CLEARING LLC,27460
"INTERNATIONAL ASSETS ADVISORY, LLC",17270
"INTERVAL PARTNERS, L.P.",17035
INTESA SANPAOLO IMI SECURITIES CORP.,10295
INVENTRUST PROPERTIES CORP.,16633
"INVESCO CAPITAL MARKETS, INC.",14181
"INVESCO DISTRIBUTORS, INC.",11842
INVESTNEXT INC.,25121
INVESTORS HERITAGE LIFE INSURANCE COMPANY,23397
"IRON BRIDGE MORTGAGE FUND, LLC",27804
"IROQUOIS VALLEY FARM REIT, PBC",18764
ISQ OPEN INFRASTRUCTURE COMPANY LLC,27717
ITA INTERNATIONAL INSURER,23168
J.P. MORGAN INSTITUTIONAL INVESTMENTS INC.,11958
J.P. MORGAN SECURITIES LLC,11968
"J.W. COLE FINANCIAL, INC.",17887
J.W. KORTH & COMPANY LIMITED PARTNERSHIP,17326
JACKSON NATIONAL LIFE INSURANCE COMPANY,11883
JACKSON NATIONAL LIFE INSURANCE COMPANY OF NEW YORK,11884
"JAMES BAKER & ASSOCIATES, LP",11888
JAMES I. BLACK & COMPANY,10420
"JANE STREET CAPITAL, LLC",18416
"JANE STREET EXECUTION SERVICES, LLC",21498
JANNEY MONTGOMERY SCOTT LLC,11897
JANUS HENDERSON DISTRIBUTORS US LLC,11899
"JB CAPITAL MANAGEMENT, LLC",18769
JDP CAPITAL MANAGEMENT LLC,23658
JEFFERIES LLC,11903
JEFFERSON NATIONAL LIFE INSURANCE COMPANY,11910
"JLL INCOME PROPERTY TRUST, INC.",28500
JOHN HANCOCK INVESTMENT MANAGEMENT DISTRIBUTORS LLC,11926
JOHN HANCOCK LIFE & HEALTH INSURANCE COMPANY,18950
JOHN HANCOCK LIFE INSURANCE COMPANY (U.S.A.),11929
JOHN HANCOCK LIFE INSURANCE COMPANY OF NEW YORK,11934
JOHN HANCOCK TRUST COMPANY LLC,16897
"JOHNSTONE BROKERAGE SERVICES, LLC",19881
"JPMORGAN CHASE BANK, NATIONAL ASSOCIATION",11948
"JPMORGAN DISTRIBUTION SERVICES, INC.",11957
JSQ ADMINISTRATIVE SERVICES LLC,20103
"JUMP TRADING, LLC",19521
JVM REALTY CORPORATION,17546
K.W. CHAMBERS & CO.,18036
KANSAS CITY LIFE INSURANCE COMPANY,16926
"KAYNE ANDERSON CAPITAL ADVISORS, L.P.",18013
"KBS CAPITAL MARKETS GROUP, LLC",15394
"KENDALL SUSTAINABLE INFRASTRUCTURE, LLC",23706
"KESTRA INVESTMENT SERVICES, LLC",12662
KEY INVESTMENT SERVICES LLC,15130
KEYBANK NATIONAL ASSOCIATION,12029
KING STRATEGIC ENERGY FUNDS LP,17707
"KINGSWOOD CAPITAL PARTNERS, LLC",18468
KKR CAPITAL MARKETS LLC,22329
KNIGHTSBRIDGE ADVISERS LLC,18580
KOVACK SECURITIES INC.,18954
LACONIA ADVISORY SERVICES LLC,29062
"LAFAYETTE SQUARE HOLDING COMPANY, LLC",20812
"LAKEVIEW FINANCIAL GROUP, LLC",25638
"LARSON FINANCIAL GROUP, LLC",19481
"LARSON FINANCIAL SECURITIES, LLC",22860
"LASALLE INVESTMENT MANAGEMENT, INC.",16358
"LASALLE ST. SECURITIES, L.L.C.",12094
LAZARD ASSET MANAGEMENT SECURITIES LLC,12105
LDR CAPITAL MANAGEMENT LLC,15944
"LEGACY NW FUND, LLC",18620
"LEGACY OPPORTUNITY FUND, LLC",17407
"LEGENDARY CAPITAL, LLC",17571
"LEIGH BALDWIN & CO., LLC",12128
"LESKO SECURITIES, INC.",28758
"LEVEL FOUR FINANCIAL, LLC",21137
"LIFE POLICY MANAGEMENT, LLC",20545
LIFEMARK SECURITIES CORP.,20097
LINCOLN BENEFIT LIFE COMPANY,12178
"LINCOLN INVESTMENT PLANNING, LLC",12182
LINCOLN LIFE & ANNUITY COMPANY OF NEW YORK,12183
LINCOLN VARIABLE INSURANCE PRODUCTS TRUST,15122
"LION STREET FINANCIAL, LLC",17115
LIONSCREST FUNDS SPC,18376
"LLK INSURANCE BROKERAGE SERVICES, LLC",12196
"LOCKTON FINANCIAL ADVISORS, LLC",18958
"LODAS SECURITIES, LLC",24479
"LODAS TRANSFER, LLC",24597
"LOOMIS SAYLES TRUST COMPANY, LLC",15154
LORD ABBETT DISTRIBUTOR LLC,12210
"LPL ENTERPRISE, LLC",25319
LPL FINANCIAL LLC,12216
"LUCID CAPITAL MARKETS, LLC DBA AMERICAS EXECUTIONS",29142
LUKROM IFUND LP,28238
"LUMA FINANCIAL TECHNOLOGIES, LLC",21939
LWO LLC,26917
"M FUND, INC.",12422
"M HOLDINGS SECURITIES, INC.",12427
MACKAY SHIELDS LLC,17928
"MACKENZIE REALTY CAPITAL, INC.",16887
MACQUARIE CAPITAL (USA) INC.,15093
"MADISON AVENUE SECURITIES, INC",12234
MADISON GLOBAL ADVISORS LLC,20437
"MADOFF (BERNARD L.) INVESTMENT SECURITIES, LLC",18960
"MAKERS FORWARD, LLC",23820
"MANNING & NAPIER INVESTOR SERVICES, INC.",12251
MANUFACTURERS AND TRADERS TRUST COMPANY,12256
"MAPLEWOOD INVESTMENTS, INC.",28339
"MARBLE CAPITAL, L.P.",28518
MAREX CAPITAL MARKETS INC.,18404
MARKETAXESS CORPORATION,19238
MASSACHUSETTS MUTUAL LIFE INSURANCE COMPANY,15801
MASSMUTUAL ASCEND LIFE INSURANCE COMPANY,11581
MATRIX TRUST COMPANY,12424
"MATRIX 360 DISTRIBUTORS, LLC",12274
"MATTHEW 25 FUND, INC.",12282
MAXIM GROUP LLC,18961
MCNALLY FINANCIAL SERVICES CORPORATION,21103
"MEEDER DISTRIBUTION SERVICES, INC.",10030
"MEGATEL CAPITAL INVESTMENT, LLC",18271
MERCER INVESTMENTS LLC,17743
MERCER TRUST COMPANY,17742
MERIDEN IFM SGOIC SAU,18302
MERIT LIFE INSURANCE CO.,28399
"MERRILL LYNCH, PIERCE, FENNER & SMITH INCORPORATED",16637
METROPOLITAN LIFE INSURANCE COMPANY,17806
"METROPOLITAN PARTNERS GROUP MANAGEMENT, LLC",17917
"MFD DISTRIBUTOR, LLC",18523
MFG FUNDS INC,11410
"MFS FUND DISTRIBUTORS, INC.",12419
MFS HERITAGE TRUST COMPANY,12420
MFS INTERNATIONAL FUNDS,12421
"MICHAEL J. LICCAR & COMPANY, LLC",16228
MID ATLANTIC CLEARING & SETTLEMENT CORPORATION,10034
MID ATLANTIC TRUST COMPANY,16335
"MIDAS SECURITIES GROUP, INC.",11861
MIDLAND NATIONAL LIFE INSURANCE COMPANY,12440
"MILITELLO CAPITAL, LLC",17038
"MILLENNIUM ADVISORS, LLC",25918
"MILLS VALUE ADVISER, INC.",16201
"MINISTRY PARTNERS INVESTMENT COMPANY, LLC",21477
MINNESOTA LIFE INSURANCE COMPANY,12452
MIRAE ASSET SECURITIES (USA) INC.,17904
MIZUHO SECURITIES USA LLC,12461
MML BAY STATE LIFE INSURANCE COMPANY,12468
"MML DISTRIBUTORS, LLC",16707
"MML INVESTORS SERVICES, LLC",12469
MMM SECURITIES LLC,27597
MOBILE INFRASTRUCTURE CORPORATION,17428
MODERN WOODMEN OF AMERICA,16126
MONARK CAPITAL MANAGEMENT LLC,28037
"MONIMUS CAPITAL MANAGEMENT, LP",27063
MONTICELLO FINANCIAL GROUP LLC,19437
"MOODY NATIONAL REIT I, INC.",17445
"MOODY NATIONAL REIT II, INC.",17446
MORGAN STANLEY & CO. LLC,12490
MORGAN STANLEY AIP GP LP,27157
MORGAN STANLEY SMITH BARNEY LLC,16619
MS CAPITAL PARTNERS ADVISER INC.,19398
"MSREF REAL ESTATE ADVISOR, INC.",26638
MUFG SECURITIES AMERICAS INC.,12459
MUNDOVAL FUNDS,12520
"MURIEL SIEBERT & CO., LLC",13787
MUTUAL OF OMAHA INSURANCE COMPANY,17501
"MUTUAL OF OMAHA INVESTOR SERVICES, INC.",12530
"MUTUAL SECURITIES, INC.",18877
"MUTUAL SHAREHOLDER SERVICES, LLC",17380
M1 FINANCE LLC,22764
"NASDAQ EXECUTION SERVICES, LLC",12543
NASDAQ PHLX LLC,14656
"NASDAQ TEXAS, LLC",12547
NASSAU LIFE AND ANNUITY COMPANY,15727
NASSAU LIFE INSURANCE COMPANY,13065
NATIONAL BANK OF CANADA FINANCIAL INC.,16783
NATIONAL FINANCIAL SERVICES LLC,12556
NATIONAL INTEGRITY LIFE INSURANCE COMPANY,12558
NATIONAL LIFE INSURANCE COMPANY,14581
NATIONAL SECURITY LIFE AND ANNUITY COMPANY,12563
"NATIONAL SERVICE GROUP OF AMERILIFE, LLC",26117
"NATIONAL WESTERN LIFE INSURANCE COMPANY, INC.",17906
"NATIONS FINANCIAL GROUP, INC",20237
NATIONWIDE FUND DISTRIBUTORS LLC,12567
NATIONWIDE INVESTMENT SERVICES CORPORATION,12569
NATIONWIDE LIFE AND ANNUITY INSURANCE COMPANY,15165
NATIONWIDE LIFE INSURANCE COMPANY,12571
"NATIONWIDE RETIREMENT SOLUTIONS, INC.",17464
"NATIONWIDE SECURITIES, LLC",12575
"NATIXIS DISTRIBUTION, LLC",12577
NATIXIS SECURITIES AMERICAS LLC,12576
NAV CONSULTING INC,19399
"NEEDHAM & COMPANY, LLC",12590
NEIMAN FUNDS,12592
NEPTUNE GLOBAL HOLDINGS LLC,18744
"NESF INVESTMENT SERVICES, LLC",18839
NEST INVESTMENTS BD LLC,18894
NEUBERGER BERMAN MANAGEMENT LLC,12605
"NEW FFR INSURANCE SERVICES, INC.",27499
NEW VERNON INVESTMENT MANAGEMENT LLC,16518
NEW YORK LIFE INSURANCE AND ANNUITY CORPORATION,12617
"NEWEDGE SECURITIES, LLC",12433
"NEWPORT GROUP SECURITIES, INC.",14564
NEXPOINT ADVISORS LP,16841
NFSCO-STOCK LOAN,12664
"NOBLE ROYALTIES, INC.",18969
"NOMURA SECURITIES INTERNATIONAL, INC.",12674
NORDEA INVESTMENT FUNDS S.A.,16566
NORTH AMERICAN COMPANY FOR LIFE AND HEALTH INSURANCE,17893
NORTH CAPITAL ADMINISTRATOR SERVICES INC.,19979
NORTH CAPITAL PRIVATE SECURITIES CORPORATION,23521
NORTHEAST INVESTORS TRUST,12683
"NORTHEAST RETIREMENT SERVICES, LLC",12684
"NORTHERN LIGHTS DISTRIBUTORS, LLC",12687
"NORTHERN TRUST SECURITIES, INC.",18971
"NORTHWESTERN MUTUAL INVESTMENT SERVICES, LLC",12747
"NORTHWESTERN MUTUAL LIFE INSURANCE COMPANY, THE",12748
NSCC CLOSE OUT ACCT #9,18972
"NUVEEN SECURITIES, LLC",12759
NYLIFE DISTRIBUTORS LLC,12769
NYLIFE SECURITIES LLC,18973
"NYSE ARCA, INC.",18974
"NYSE ARCA, INC. OMNIBUS ACCOUNT",18975
"OAK HILL ADVISORS, L.P.",22280
OAKMARK FUND,12778
OAKTREE STRATEGIC CREDIT FUND,20978
"OAKWOOD CAPITAL SECURITIES, INC.",27097
"OBERWEIS SECURITIES, INC.",12782
OCEANVIEW LIFE AND ANNUITY COMPANY,18980
"OCONNOR DAVIES ADMINISTRATION, LLC",18479
"OCTAVUS GROUP, LLC",24078
OFFIT CAPITAL ADVISORS LLC,23578
"OFS CAPITAL MANAGEMENT, LLC",18028
"OLSON URBAN HOUSING, LLC",24538
"ONE AMERICA SECURITIES, INC.",12817
ONE RESOURCE GROUP CORPORATION,19123
"OPEN INVESTMENT MANAGEMENT, LP",28539
OPPENHEIMER & CO. INC.,12821
"OPTO INVESTMENTS, INC",22477
OPUS FUND SERVICES (USA) LLC,16092
"ORIGIN HOLDING COMPANY, LLC",18223
"OROCK TECHNOLOGIES, INC.",22823
"OSAIC INSTITUTIONS, INC.",11786
"OSAIC WEALTH, INC.",13470
OXFORD LIFE INSURANCE COMPANY,18522
P.J. ROBB VARIABLE LLC,15473
PACIFIC LIFE & ANNUITY COMPANY,12849
PACIFIC LIFE INSURANCE COMPANY,27720
PACIFIC OAK CAPITAL ADVISORS LLC,18738
"PACKERLAND BROKERAGE SERVICES, INC",18693
PALMER SQUARE CAPITAL MANAGEMENT LLC,15972
"PANORAMA POINT PARTNERS, LLC",17791
PARADIGM FUNDS,12862
PARALEL DISTRIBUTORS LLC,21837
"PARK AVENUE SECURITIES, LLC",12868
PARK SHORE PARTNERS LLC,23958
"PARKLAND SECURITIES, LLC",14961
PARNASSUS INVESTMENTS,12870
"PARSONEX PROPERTIES, LLC",22117
"PARTICIPANT CAPITAL ADVISORS, LLC",18521
"PARTICIPANT CAPITAL PARTNER US, LLC",18365
"PARTNER FUND SERVICES, LLC",29158
"PASADENA PRIVATE HOLDINGS, LLC",24679
PAYDEN & RYGEL DISTRIBUTORS,12874
"PEACHCAP SECURITIES, INC.",18100
"PEACHTREE PC ADVISORS, LLC",18646
"PEMBROOK CAPITAL MANAGEMENT, LLC",15937
"PENDER CAPITAL MANAGEMENT, LLC",17226
PENNANTPARK PRIVATE INCOME FUND,28198
"PERENNIAL CAPITAL ADVISORS, LLC",23779
"PERENNIAL FUND SERVICES, LLC",16202
PERSHING LLC,13200
PFS FUNDS,14408
PFS INVESTMENTS INC.,13056
PHILLIP CAPITAL INC.,17272
PHL VARIABLE INSURANCE COMPANY,13063
"PIA RESIDENTIAL, LLC",26807
"PIEDMONT FUND SERVICES, INC.",16426
PIMCO INVESTMENTS LLC,14923
PINE DISTRIBUTORS LLC,26520
"PINNACLE INVESTMENTS, LLC",16505
PIPING ROCK PARTNERS INC.,18643
PLANMEMBER SECURITIES CORPORATION,13083
"PLATFORM INVESTMENTS, LLC",18600
"PNC BANK, NATIONAL ASSOCIATION",13088
PNC CAPITAL MARKETS LLC,13087
POPULAR SECURITIES LLC,13100
"PORTFOLIO ADVISORS, LLC",25539
"PPB ADVISORS, LLC",15669
"PRECISION CAPITAL ADVISORS, LLC",16220
"PREFERRED PRODUCT NETWORK, INC.",14788
PREP PROPERTY GROUP LLC,28920
"PRESIDENTIAL BANK, FSB",13119
"PRIME CAPITAL INVESTMENT ADVISORS, LLC",22177
"PRIME FINANCE ADVISOR, L.P.",25397
PRINCIPAL LIFE INSURANCE COMPANY,20286
"PRINCIPAL REAL ESTATE INVESTORS, LLC",26577
"PRINCIPAL SECURITIES, INC.",13139
"PRIVATE CLIENT SERVICES, LLC",13146
"PROFUNDS DISTRIBUTORS, INC.",14966
"PROSPECT FLOATING RATE AND ALTERNATIVE INCOME FUND, INC.",20811
"PROSPERA FINANCIAL SERVICES, INC.",17825
PROTECTIVE LIFE & ANNUITY INSURANCE COMPANY,13160
PROTECTIVE LIFE INSURANCE COMPANY,13161
"PROTEUS, LLC",18218
PRUCO LIFE INSURANCE COMPANY,13163
PRUCO LIFE INSURANCE COMPANY OF NEW JERSEY,13164
PRUDENTIAL INSURANCE COMPANY OF AMERICA,13172
PRUDENTIAL INVESTMENT MANAGEMENT SERVICES LLC,23040
"PUBLIC VENTURES, LLC DBA MDB CAPITAL",20401
PURSHE KAPLAN STERLING INVESTMENTS INC,19278
"PWA SECURITIES, LLC",28360
"QUASAR DISTRIBUTORS, LLC",14790
"QUASAR DISTRIBUTORS, LLC CHASE GROWTH FUND",13230
"RAYMOND JAMES & ASSOCIATES, INC.",20403
"RAYMOND JAMES FINANCIAL SERVICES, INC.",22161
"RBC CAPITAL MARKETS, LLC",18991
"RE NECTAR, INC.",25905
REALTA EQUITIES INC,23137
REASSURE AMERICA LIFE INSURANCE COMPANY,13369
"REGIONS INVESTMENT SERVICES, INC.",14571
"REGULUS ADVISORS, LLC.",17074
"RELATED FUND MANAGEMENT, LLC",18505
"RELIANCE CAPITAL MARKETS II, LLC",16702
RELIANCE STANDARD LIFE INSURANCE COMPANY,15497
RELIANCE TRUST COMPANY,13394
RELIASTAR LIFE INSURANCE COMPANY,13400
RELIASTAR LIFE INSURANCE COMPANY OF NEW YORK,13401
"REPOOL, INC.",28141
REYNOLDS FUNDS INC,13414
RFS PARTNERS,13415
"RISK AND INSURANCE ASSOCIATES, LLC",25277
RIVERROCK TRUST LLC,17354
RIVERSOURCE LIFE INSURANCE CO. OF NEW YORK,10144
RIVERSOURCE LIFE INSURANCE COMPANY,10151
ROBERT W. BAIRD & CO. INCORPORATED,18647
"ROBINHOOD SECURITIES, LLC",18190
"ROYAL BANK OF CANADA, WFC BRANCH",20424
ROYAL OAK REALTY TRUST INC.,17532
"ROYCE FUND SERVICES, LLC",13474
"RQD* CLEARING, LLC",20502
RREEF AMERICA L.L.C.,16017
"RUSSELL INVESTMENTS FINANCIAL SERVICES, LLC",13482
RUSSELL INVESTMENTS TRUST COMPANY,13492
S & CO. INC.,23037
"S.USA LIFE INSURANCE COMPANY, INC.",18079
"S&S BUSINESS GROUP, INC.",27938
SAFRA SECURITIES LLC,17179
SAGICOR LIFE INSURANCE COMPANY,22377
SAMMONS FINANCIAL NETWORK LLC,16528
"SANCTUARY SECURITIES, INC.",16258
"SANDPIPER LODGING MANAGER, LLC",23837
"SANFORD C. BERNSTEIN & CO., LLC",10389
SANTANDER SECURITIES LLC,25444
SANTANDER US CAPITAL MARKETS LLC,18902
"SATURNA BROKERAGE SERVICES, INC",13528
SATURNA TRUST COMPANY,17708
"SAXONY SECURITIES, INC.",15899
"SBLI USA LIFE INSURANCE COMPANY, INC.",18078
"SCHRODER FUND ADVISORS, LLC",13542
SCOTIA CAPITAL (USA) INC.,13546
"SEALY & COMPANY, LLC",21459
SECOND CENTURY AG LLC,18883
"SECURITIES CAPITAL PARTNERS, LLC",26539
SECURITIES TRANSFER CORPORATION,18200
SECURITY BENEFIT LIFE INSURANCE COMPANY,13577
SECURITY LIFE OF DENVER INSURANCE COMPANY,18996
SECURITY MUTUAL LIFE INSURANCE COMPANY OF NEW YORK,18185
SEI INVESTMENTS DISTRIBUTION CO.,18114
SEI PRIVATE TRUST COMPANY,13603
SEI TRUST COMPANY,17614
SETPOINT MANAGEMENT LLC,27677
"SG AMERICAS SECURITIES, LLC",13623
SGGG FUND SERVICES (U.S.) INC,17998
SHALEHAVEN PARTNERS ENERGY & ASSET MANAGEMENT LLC,25697
SHEARSON LEHMAN ACCT #2,18997
SHOPOFF REALTY INVESTMENTS L.P.,17819
SIA SECURITIES CORP.,13642
SIGMA FINANCIAL CORPORATION,14857
"SIGNAL ADVISORS INSURANCE, LLC",21537
"SIGNATURE ESTATE SECURITIES, LLC.",23865
"SIGNATUREFD, LLC",15128
"SIGULER GUFF ADVISERS, LLC",27921
SILA REALTY TRUST INC.,15617
"SILVER OAK SECURITIES, INC.",22300
SIMKOWITZ & COMPANY INC.,19117
"SIMPLICITY FINANCIAL MARKETING HOLDINGS, INC.",25859
"SMBC NIKKO SECURITIES AMERICA, INC.",13665
SOCIETY HILL CAPITAL ADVISOR LLC,28346
"SORTIS HOLDINGS, INC.",18725
"SOUTH STATE BANK, NATIONAL ASSOCIATION",10657
"SOUTHWEST VALUE PARTNERS ENTERPRISE, LLC",16590
"SOWER CAPITAL MANAGEMENT, LLC",17982
"SOWER FARM MANAGEMENT, LLC",19717
SPHINX INVESTMENTS LLC,26397
"SPIRE SECURITIES, LLC",17547
"SQN CAPITAL MANAGEMENT, LLC",16049
"SS&C MARKET SERVICES, LLC",14235
"SS&C TECHNOLOGIES, INC.",18998
SSB-TRUST CUSTODY-DTC #2319,13711
STANDARD INSURANCE COMPANY,13715
"STARBOARD REALTY ADVISORS, LLC",27977
STARWOOD CREDIT REAL ESTATE INCOME TRUST,24170
"STARWOOD REAL ESTATE INCOME TRUST, INC.",18219
STATE FARM VP MANAGEMENT CORP.,20709
STATE STREET BANK AND TRUST COMPANY,13742
"STATE STREET GLOBAL ADVISORS FUNDS DISTRIBUTORS, LLC",13744
"STATE STREET GLOBAL MARKETS, LLC",13746
"STATETRUST CAPITAL, LLC",13749
"STEBEN & COMPANY, INC.",14967
"STERLING BRIDGE INSURANCE AGENCY, INC.",18734
"STEWARD PARTNERS GLOBAL ADVISORY, LLC",27980
"STEWARD PARTNERS INVESTMENT SOLUTIONS, LLC",21100
"STIFEL, NICOLAUS & COMPANY, INCORPORATED",18760
"STOCKBRIDGE CAPITAL GROUP, LLC",26485
STONE COAST FUND SERVICES LLC,15591
"STONECREST MANAGERS, INC",17897
STONEPEAK PARTNERS LP,20700
STONEX FINANCIAL INC.,13765
"STRATCAP INVESTMENT MANAGEMENT, LLC",18504
"STRATEGIC ASSET MANAGEMENT I, LLC",17261
SUMMIT WEALTH GROUP LLC,28900
SUN LIFE ASSURANCE COMPANY OF CANADA (U.S. BRANCH),13821
SYMETRA LIFE INSURANCE COMPANY,13856
"SYNDICATED CAPITAL, INC.",13860
"SYNOVUS SECURITIES, INC.",16754
S2K SERVICING LLC,17705
T D WATERHOUSE CANADA INC. #2,13889
"T. ROWE PRICE INVESTMENT SERVICES, INC.",13468
TALCOTT RESOLUTION LIFE INSURANCE COMPANY,11666
TALIMAR FINANCIAL INC.,24181
"TAURUS INVESTMENT HOLDINGS, LLC",24478
TCW FUNDS DISTRIBUTORS,15544
TD PRIME SERVICES LLC,11406
TD SECURITIES (USA) LLC,10469
TEACHERS ADVISORS LLC,13893
TEACHERS INSURANCE AND ANNUITY ASSOCIATION OF AMERICA,13894
TELSEY ADVISORY GROUP LLC,28517
TEMPLUM MARKETS LLC,25840
"TERRA INCOME ADVISORS, LLC",16991
"TFA ASSOCIATES, LLC",17953
THE BANCORP BANK,10297
THE BANK OF NEW YORK MELLON,19031
THE CAPITOL LIFE INSURANCE COMPANY,18608
THE CENTRAL TRUST BANK,18868
"THE COLONY GROUP, LLC",16457
"THE EVERGREEN ADVANTAGE, LLC",25959
THE HIIVE COMPANY LIMITED,28361
THE HUNTINGTON NATIONAL BANK,11751
"THE IMPACT PARTNERSHIP, LLC",26097
"THE LIGHTSTONE GROUP, LLC",17410
THE LINCOLN NATIONAL LIFE INSURANCE COMPANY,12185
"THE MILESTONE REAL ESTATE GROUP, L.P.",26317
THE NASDAQ STOCK MARKET LLC,12550
THE NORTHERN TRUST COMPANY,12739
THE O.N. EQUITY SALES COMPANY,12816
"THE PANGBURN GROUP, INC.",14572
THE PENN MUTUAL LIFE INSURANCE COMPANY,12888
"THE PRAEDIUM GROUP, LLC",18057
THE PRUDENTIAL INSURANCE COMPANY OF AMERICA,13171
"THE TRUE LIFE COMPANIES, LLC",19920
THE UNITED STATES LIFE INSURANCE COMPANY IN THE CITY OF NEW YORK,14147
"THE VANGUARD GROUP, INC.",23980
THE VARIABLE ANNUITY LIFE INSURANCE COMPANY,14193
THE VENTURE COLLECTIVE LLC,26060
"THEOREM FUND SERVICES, LLC",17406
"THOMPSON DAVIS & CO., INC.",15554
THORNBURG SECURITIES LLC,13928
THRIVENT FINANCIAL FOR LUTHERANS,17905
THRIVENT INVESTMENT MANAGEMENT INC.,13932
THRIVENT MUTUAL FUNDS,12220
"TIAA TRUST, NATIONAL ASSOCIATION",16640
TIB THE INDEPENDENT BANKERS BANK,13937
"TIME EQUITIES SECURITIES, LLC",16787
TMF FUND SERVICES NORTH AMERICA LLC,22137
"TMF SAN DIEGO, LLC",20477
"TOCQUEVILLE SECURITIES, L.P.",12133
"TOUCHSTONE SECURITIES, INC.",13963
"TOWN WEST REALTY, INC.",20346
TP ICAP GLOBAL MARKETS AMERICAS LLC,11760
TRADEBACKED INC,27163
"TRADEBOT SYSTEMS, INC.",13977
TRADELINK SECURITIES LLC,18838
"TRADESTATION SECURITIES, INC.",13991
"TRADEUP SECURITIES, INC.",12267
TRADITION SECURITIES AND DERIVATIVES LLC,13997
TRANS-OCEANIC LIFE INSURANCE COMPANY,18863
"TRANSAMERICA CAPITAL, LLC",14001
"TRANSAMERICA FINANCIAL ADVISORS, INC.",14004
TRANSAMERICA FINANCIAL LIFE INSURANCE COMPANY,14006
TRANSAMERICA LIFE INSURANCE COMPANY,10040
"TRIAD PARTNERS, LLC",28143
"TRIDENT FUND SERVICES, INC.",17633
"TRILINC ADVISORS, LLC",16122
"TRINITY INVESTORS, LLC",23360
"TRIUS CAPITAL REAL ESTATE INVESTMENT FUND, LP",24678
TRIUS CAPITAL RENEWABLE ENERGY INTERNATIONAL FUND LP,23398
TRUIST BANK,10488
"TRUIST INVESTMENT SERVICES, INC.",13841
TRUIST SECURITIES INC.,16168
TZ CLEAR LLC,12057
U. S. BOSTON CAPITAL CORPORATION,14158
"U.S. BANCORP ASSET MANAGEMENT, INC.",18702
"U.S. BANCORP FUND SERVICES, LLC\MONROE CAPITAL PRIVATE CREDIT FUND II (CAIS OFFSHORE) LP",16874
"U.S. BANCORP FUND SERVICES, LLC\MONROE CAPITAL PRIVATE CREDIT FUND II (CAIS) LP",16873
"U.S. BANCORP INVESTMENTS, INC.",14156
U.S. BANK N.A.,14157
"U.S. TRANSFER AGENCY, INC.",21179
UBS FINANCIAL SERVICES INC.,16594
UBS GLOBAL ASSET MANAGEMENT (US) INC.,14056
UBS SECURITIES LLC,14065
"ULTIMUS FUND DISTRIBUTORS, LLC",14561
"ULTIMUS PRIVATE FUND SOLUTIONS, LLC",15668
"UMB BANK, NATIONAL ASSOCIATION",14089
"UMB FUND SERVICES, INC.",15071
UNION BANK & TRUST COMPANY,12594
UNION BANK & TRUST COMPANY NEBRASKA,14136
UNITED BANKERS' BANK,14142
"UNITED BROKERAGE SERVICES, INC.",17898
UNITED LIFE INSURANCE COMPANY,18428
"UNITED PLANNERS' FINANCIAL SERVICES OF AMERICA, L.P.",14682
UNIVERSAL LIFE INSURANCE COMPANY,14575
UPRIGHT INVESTMENTS TRUST,16757
US BANCORP FUND SERVICES LLC,15582
US BANK N.A.,19049
USAA LIFE INSURANCE COMPANY,18615
USAA LIFE INSURANCE COMPANY OF NEW YORK,18616
"VALIC FINANCIAL ADVISORS, INC.",10046
VALLES CAPITAL INC.,28340
"VALLEY NATIONAL INVESTMENTS, INC.",19050
"VALMARK SECURITIES, INC.",14173
"VALUEWORKS LIMITED PARTNERS, LP",16158
VAN ECK ASSOCIATES CORPORATION,27220
VAN ECK SECURITIES CORPORATION,14178
"VANDERBILT SECURITIES, LLC",26502
VANGUARD FIDUCIARY TRUST COMPANY,18896
VANGUARD MARKETING CORPORATION,14189
"VANTAGE RETIREMENT PLANS, LLC",18358
VANTIS LIFE INSURANCE COMPANY,17523
"VCC ADVISORS, LLC",21258
VEGA PRIVATE EQUITY LLC,28217
VELOCITY CAPITAL LLC,18418
"VELOCITY CLEARING, LLC",12767
VELOX CLEARING LLC,18559
VENERABLE INSURANCE AND ANNUITY COMPANY,11807
"VENTURE.CO FUND SERVICES, LLC",28177
"VEPF MANAGEMENT, L.P.",26777
"VERIVEST, LLC",24605
"VESTED INVESTMENT MANAGEMENT, LLC",24960
"VESTWELL HOLDINGS, INC.",20440
"VIGILANT DISTRIBUTORS, LLC",19499
"VINING-SPARKS IBG, L.P.",14214
VIRTU AMERICAS LLC,12049
"VIRTUS REAL ESTATE, LLC",17794
VISION FINANCIAL MARKETS LLC,14217
"VISIONARY VENTURES MANAGEMENT, LLC",26303
VISTA CREDIT STRATEGIC LENDING CORP.,24758
"VISTRA USA, LLC",17494
"VIVALDI CAPITAL MANAGEMENT, LLC",19052
"VOSGES DEVELOPMENT, LLC",23141
"VOYA FINANCIAL ADVISORS, INC.",11793
"VOYA INSTITUTIONAL PLAN SERVICES, LLC",14904
VOYA INSTITUTIONAL TRUST COMPANY,16993
"VOYA INVESTMENTS DISTRIBUTOR, LLC",11796
VOYA RETIREMENT INSURANCE AND ANNUITY COMPANY,11801
"VP DISTRIBUTORS, LLC",14220
W. P. CAREY & CO. LLC,15401
"WACHTEL & CO., INC.",14225
"WALKER FINANCIAL SERVICES, INC.",26945
"WALTON GLOBAL HOLDINGS, LTD",18836
"WALTON INTERNATIONAL GROUP (USA), INC.",16231
"WASSERSTEIN DEBT OPPORTUNITIES MANAGEMENT, LP",23359
"WATER ASSET MANAGEMENT, LLC",23720
"WATERLOO ASSOCIATES, LLC",29083
"WATERWAY CAPITAL, LLC",18828
WAVELAND CAPITAL PARTNERS LLC,18601
"WAYPOINT RESIDENTIAL, LLC",18554
WEALTHPLAN PARTNERS LLC,23998
WEDBUSH SECURITIES INC.,14270
"WEITZ INVESTMENT MANAGEMENT, INC.",14240
"WELLINGTON TRUST COMPANY, N.A.",14325
"WELLS FARGO BANK, NATIONAL ASSOCIATION",14330
"WELLS FARGO CLEARING SERVICES, LLC",17837
"WELLS FARGO SECURITIES, LLC",14337
"WESBANCO BANK, INC.",19053
WEST COAST STOCK TRANSFER INC.,19054
WESTERN-SOUTHERN LIFE ASSURANCE COMPANY,16572
"WFI MANAGEMENT II, LLC",19203
"WILLIAM BLAIR & COMPANY, L.L.C.",10431
WILLIAM PENN LIFE INSURANCE COMPANY OF NEW YORK,16399
WILLOW TREE CREDIT PARTNERS LP,28858
WILMINGTON TRUST COMPANY,14395
WILSHIRE PRIVATE ASSETS FUND,20703
"WILSHIRE QUINN INCOME FUND, LLC",20711
"WILSON-DAVIS & CO., INC.",14398
WILTON REASSURANCE LIFE COMPANY OF NEW YORK,10095
WINDWARD MANAGEMENT PARTNERS MASTER FUND LTD.,20917
"WINTRUST INVESTMENTS, LLC",14262
"WOLVERINE EXECUTION SERVICES, LLC",18141
"WOODMEN FINANCIAL SERVICES, INC.",14567
"WORLD CAPITAL BROKERAGE, INC.",10157
"WORLD EQUITY GROUP, INC.",14430
"WORLD FINANCIAL GROUP INSURANCE AGENCY, LLC",21098
YANKEE ADVISERS LLC,16293
"Z CAPITAL CREDIT PARTNERS, LLC",17220
ZEDRA FUND SERVICES (USA) LLC,17845
ZINNIA DISTRIBUTOR SOLUTIONS LLC,15264
"ZIONS BANCORPORATION, NATIONAL ASSOCIATION",14460
"ZIONS DIRECT, INC.",14458
ZIV INVESTMENT CO.,14461
ZURICH AMERICAN LIFE INSURANCE COMPANY,12018
ZURICH AMERICAN LIFE INSURANCE COMPANY OF NEW YORK,17233
1FLOURISH VENTURES II LP,27797
"11 TRIBES VENTURES, LLC",25882
1776ING LLC,22798
26NORTH DIRECT LENDING LP,24437
401KSTORE.COM (THE),11387
"4101 POWELL AVE., LLC",22702
"48 DODGE QOF, LLC",24937
